{"SEX":1.0,"_LLCPWT":381.8001043164,"_AGEG5YR":13.0,"_IMPRACE":1.0}
{"SEX":1.0,"_LLCPWT":760.0026331013,"_AGEG5YR":6.0,"_IMPRACE":1.0}
{"SEX":2.0,"_LLCPWT":82.1648291655,"_AGEG5YR":10.0,"_IMPRACE":1.0}
{"SEX":2.0,"_LLCPWT":55.7851100058,"_AGEG5YR":11.0,"_IMPRACE":2.0}
{"SEX":2.0,"_LLCPWT":117.3308535525,"_AGEG5YR":13.0,"_IMPRACE":1.0}